Comment,Designator,Footprint,LCSC
TP4056,U3,SOP127P600X175-9N,C382139
Motor Driver DRV8833PWPR,U1,IC_DRV8833PWPR,C50506
SW_Push,SW1,Nidec_Copal_CAS-120A,
1.5k,R7,R_0402_1005Metric,
200m,R6,R_0402_1005Metric,
1k,R5,R_0402_1005Metric,
1k,R4,R_0402_1005Metric,
400m,R3,R_0402_1005Metric,
1.5k,R2,R_0402_1005Metric,
1.5k,R1,R_0402_1005Metric,
Conn_01x02_Pin,J7,PinHeader_1x02_P2.54mm_Vertical,
RED LED,D2,LED_VCCLite_5381H1_6.35x6.35mm,
GREEN LED,D1,LED_VCCLite_5381H5_6.35x6.35mm,
0.01uF,C4,C_0402_1005Metric,
2.2uF,C3,C_0402_1005Metric,
10uF,C2,C_0402_1005Metric,
10uF,C1,C_0402_1005Metric,
10uF1,C5,C_0402_1005Metric,
