Designator,Val,Package,Mid X,Mid Y,Rotation,Layer
C1,10uF,C_0402_1005Metric,86.54,-82.1967,-90.0,top
C2,10uF,C_0402_1005Metric,82.54,-82.6967,-90.0,top
C3,2.2uF,C_0402_1005Metric,82.54,-85.2167,-90.0,top
C4,0.01uF,C_0402_1005Metric,86.54,-84.7167,-90.0,top
C5,10uF1,C_0402_1005Metric,90.54,-84.6967,-90.0,top
D1,GREEN LED,LED_VCCLite_5381H5_6.35x6.35mm,88.04,-64.176739,-90.0,top
D2,RED LED,LED_VCCLite_5381H1_6.35x6.35mm,88.04,-71.676739,-90.0,top
J7,Conn_01x02_Pin,PinHeader_1x02_P2.54mm_Vertical,97.265,-82.1767,-90.0,top
R1,1.5k,R_0402_1005Metric,90.54,-76.7167,-90.0,top
R2,1.5k,R_0402_1005Metric,86.54,-76.7267,-90.0,top
R3,400m,R_0402_1005Metric,82.54,-76.6867,-90.0,top
R4,1k,R_0402_1005Metric,90.54,-79.7067,-90.0,top
R5,1k,R_0402_1005Metric,86.54,-79.7067,-90.0,top
R6,200m,R_0402_1005Metric,82.54,-79.7267,-90.0,top
R7,1.5k,R_0402_1005Metric,90.54,-82.2267,-90.0,top
SW1,SW_Push,Nidec_Copal_CAS-120A,77.04,-63.5267,-90.0,top
U1,Motor Driver DRV8833PWPR,IC_DRV8833PWPR,77.24,-80.1767,-90.0,top
U3,TP4056,SOP127P600X175-9N,77.04,-71.6767,-90.0,top
